시도별,주요 업종별,시점,사업체수 (개),종사자수 (명),매출액 (백만원),영업비용 (백만원),매출원가 (백만원),인건비 (백만원),임차료 (백만원),기타영업비용 (백만원),연간급여액 (백만원)
서울특별시,체인화 편의점,2018,8102,39594,4655165,4519097,-,373310,196036,3949751,311093
서울특별시,체인화 편의점,2019,7756,38372,4586809,4447588,3167903,393400,236924,649362,371494
서울특별시,체인화 편의점,2020,8339,37870,4529143,4492911,3162613,392549,214376,723373,375779
서울특별시,문구용품 및 회화용품 소매업,2018,359,1017,162145,144894,-,13808,14938,116148,11892
서울특별시,문구용품 및 회화용품 소매업,2019,362,1000,132643,123303,85608,13828,12090,11777,13098
서울특별시,문구용품 및 회화용품 소매업,2020,356,936,139197,131155,92955,12724,11629,13848,11621
서울특별시,의약품 및 의료용품 소매업,2018,1009,3093,946185,866123,-,63601,35897,766625,55044
서울특별시,의약품 및 의료용품 소매업,2019,1053,3095,902040,857364,695193,65018,44357,52796,57309
서울특별시,의약품 및 의료용품 소매업,2020,1112,3160,1038714,973961,797463,68656,39554,68290,57110
서울특별시,안경 및 렌즈 소매업,2018,612,1763,213345,188773,-,30757,32129,125887,28842
서울특별시,안경 및 렌즈 소매업,2019,628,1773,194550,169844,89156,33056,32032,15600,32239
서울특별시,안경 및 렌즈 소매업,2020,615,1605,189812,176027,94720,27786,30033,23489,25726
서울특별시,한식 음식점업,2018,5658,26697,2067416,1903061,-,380436,245753,1276872,366920
서울특별시,한식 음식점업,2019,5875,26194,2160016,1958290,992434,434938,268749,262170,421384
서울특별시,한식 음식점업,2020,6476,23604,2028771,1911026,907094,379674,249448,374810,370200
서울특별시,외국식 음식점업,2018,1824,10016,717691,637652,-,153807,85654,398191,147455
서울특별시,외국식 음식점업,2019,1806,9494,718347,648788,299478,168058,92447,88805,161764
서울특별시,외국식 음식점업,2020,1910,8756,673144,648076,274016,152133,87898,134029,148552
서울특별시,제과점업,2018,1511,8283,702709,664975,-,81928,70127,512920,76340
서울특별시,제과점업,2019,1451,7347,613294,556336,329603,89743,72741,64248,89294
서울특별시,제과점업,2020,1500,7250,638690,607897,374209,78802,66184,88703,77025
서울특별시,"피자, 햄버거, 샌드위치 및 유사 음식점업",2018,1915,10099,610047,557250,-,110019,58369,388862,104684
서울특별시,"피자, 햄버거, 샌드위치 및 유사 음식점업",2019,2314,12217,818662,731932,397043,159863,76692,98334,153815
서울특별시,"피자, 햄버거, 샌드위치 및 유사 음식점업",2020,2541,11379,895666,813601,414130,143153,81125,175194,139522
서울특별시,치킨전문점,2018,3690,11373,836252,736870,-,95466,77743,563661,88783
서울특별시,치킨전문점,2019,3761,11913,1062086,943774,597262,125632,103048,117833,116151
서울특별시,치킨전문점,2020,3975,11060,1078840,930803,526005,112669,93500,198628,106614
서울특별시,"김밥, 기타 간이음식점 및 포장 판매점",2018,2444,9849,594322,536905,-,108576,67913,360416,96269
서울특별시,"김밥, 기타 간이음식점 및 포장 판매점",2019,2533,9820,647422,568869,278470,120851,80079,89469,117634
서울특별시,"김밥, 기타 간이음식점 및 포장 판매점",2020,2984,9484,721463,643186,315599,108099,72399,147089,101646
서울특별시,생맥주 및 기타 주점업,2018,1869,6659,462573,413965,-,73132,61493,279340,68452
서울특별시,생맥주 및 기타 주점업,2019,1557,5540,386392,336047,166489,72360,55289,41908,71242
서울특별시,생맥주 및 기타 주점업,2020,1486,4703,309715,274050,121592,53383,44446,54629,49820
서울특별시,커피 및 기타 비알코올 음료점업,2018,4064,20405,946136,852711,-,198962,159045,494704,192059
서울특별시,커피 및 기타 비알코올 음료점업,2019,4190,20921,1017871,893251,381566,213076,169711,128898,209055
서울특별시,커피 및 기타 비알코올 음료점업,2020,4526,18853,940329,860228,315110,195618,163770,185730,184124
서울특별시,자동차 전문 수리업,2018,852,3371,448290,406251,-,102100,29893,274258,83196
서울특별시,자동차 전문 수리업,2019,828,3549,418409,370666,192236,100511,34610,43308,95620
서울특별시,자동차 전문 수리업,2020,687,3087,395822,364836,171881,96042,32538,64374,87837
서울특별시,두발 미용업,2018,1219,7850,395110,359587,-,96270,56210,207107,85546
서울특별시,두발 미용업,2019,1233,7806,393117,340409,76617,133138,59846,70808,117159
서울특별시,두발 미용업,2020,1310,7530,437064,374034,56271,122153,62102,133509,111686
서울특별시,가정용 세탁업,2018,919,1756,97268,80426,-,14560,9718,56148,12445
서울특별시,가정용 세탁업,2019,960,1812,109133,85250,31940,12958,13416,26937,11662
서울특별시,가정용 세탁업,2020,941,1511,93778,84508,19056,12814,11840,40798,10218
서울특별시,기타 프랜차이즈,2018,3611,15710,1244848,1175690,-,187012,142272,846406,174159
서울특별시,기타 프랜차이즈,2019,4308,19705,1339784,1195404,620284,225739,174248,175133,213662
서울특별시,기타 프랜차이즈,2020,4449,18890,1432900,1298585,589215,225509,166026,317834,205674
부산광역시,체인화 편의점,2018,2367,10594,1268086,1217224,-,94274,41438,1081512,73907
부산광역시,체인화 편의점,2019,2324,10380,1212434,1122375,831291,99031,48732,143322,96453
부산광역시,체인화 편의점,2020,2588,10244,1195787,1189202,840565,93256,50486,204896,87019
부산광역시,문구용품 및 회화용품 소매업,2018,72,197,29593,27643,-,2425,1570,23648,2185
부산광역시,문구용품 및 회화용품 소매업,2019,80,208,29553,26401,19930,2413,1609,2448,2259
부산광역시,문구용품 및 회화용품 소매업,2020,81,213,31557,29366,21497,2879,1759,3230,2740
부산광역시,의약품 및 의료용품 소매업,2018,177,648,210012,191980,-,15952,4674,171354,13843
부산광역시,의약품 및 의료용품 소매업,2019,205,724,249761,239575,202409,17947,4939,14280,14734
부산광역시,의약품 및 의료용품 소매업,2020,214,730,283097,263405,222222,18597,6560,16026,16199
부산광역시,안경 및 렌즈 소매업,2018,214,674,80157,70577,-,12954,10241,47382,11586
부산광역시,안경 및 렌즈 소매업,2019,208,662,75888,67760,36354,13591,10430,7384,12534
부산광역시,안경 및 렌즈 소매업,2020,223,621,73603,66421,36785,11326,8732,9578,11111
부산광역시,한식 음식점업,2018,1861,8508,553567,501004,-,97020,49524,354460,91638
부산광역시,한식 음식점업,2019,1957,8515,564575,493432,267431,99563,54348,72090,97613
부산광역시,한식 음식점업,2020,2273,7516,535286,515090,272297,91281,51470,100041,87518
부산광역시,외국식 음식점업,2018,557,2997,184698,162998,-,39315,17342,106341,37239
부산광역시,외국식 음식점업,2019,522,2727,190278,170303,87053,43802,18061,21388,42542
부산광역시,외국식 음식점업,2020,549,2475,174498,167803,77375,39238,14845,36345,37127
부산광역시,제과점업,2018,446,2234,170045,159878,-,20895,13425,125558,19383
부산광역시,제과점업,2019,435,2141,152539,135906,87994,20883,14436,12592,20676
부산광역시,제과점업,2020,442,2035,155261,150361,94500,21415,13405,21042,20894
부산광역시,"피자, 햄버거, 샌드위치 및 유사 음식점업",2018,731,3846,210747,191516,-,36926,16019,138571,34519
부산광역시,"피자, 햄버거, 샌드위치 및 유사 음식점업",2019,746,4052,220692,199940,104973,39285,17261,38420,37757
부산광역시,"피자, 햄버거, 샌드위치 및 유사 음식점업",2020,861,3807,250757,234997,125008,39387,15536,55066,37875
부산광역시,치킨전문점,2018,1791,4476,268696,230675,-,19322,16146,195207,18384
부산광역시,치킨전문점,2019,1891,4665,325048,267455,173449,24019,22530,47457,23333
부산광역시,치킨전문점,2020,1963,4378,342564,299337,180111,22345,18242,78638,20170
부산광역시,"김밥, 기타 간이음식점 및 포장 판매점",2018,794,2889,140136,124742,-,21599,13707,89436,20408
부산광역시,"김밥, 기타 간이음식점 및 포장 판매점",2019,812,2758,156776,133123,71515,26062,18616,16931,25114
부산광역시,"김밥, 기타 간이음식점 및 포장 판매점",2020,1000,2885,174946,157036,87672,24087,14095,31182,21779
부산광역시,생맥주 및 기타 주점업,2018,626,2003,121828,110893,-,21253,13108,76532,15938
부산광역시,생맥주 및 기타 주점업,2019,553,1641,103129,85561,45864,15113,11411,13173,14615
부산광역시,생맥주 및 기타 주점업,2020,529,1400,81785,72163,33473,13327,9330,16033,12040
부산광역시,커피 및 기타 비알코올 음료점업,2018,1265,5828,252893,224743,-,49681,34413,140649,47572
부산광역시,커피 및 기타 비알코올 음료점업,2019,1392,6313,278103,242904,104794,63017,37626,37467,59698
부산광역시,커피 및 기타 비알코올 음료점업,2020,1626,6202,272580,243223,94790,58585,39188,50659,56996
부산광역시,자동차 전문 수리업,2018,371,1452,167714,148610,-,37446,5255,105909,30737
부산광역시,자동차 전문 수리업,2019,378,1495,164931,142280,72749,38009,8385,23137,36618
부산광역시,자동차 전문 수리업,2020,332,1273,157396,141926,73065,34207,5247,29408,30993
부산광역시,두발 미용업,2018,216,1349,56595,50480,-,15826,6941,27713,13151
부산광역시,두발 미용업,2019,224,1340,63328,54347,12303,14025,9142,18876,12766
부산광역시,두발 미용업,2020,224,1176,57102,55787,13911,17518,6825,17533,13976
부산광역시,가정용 세탁업,2018,340,685,35424,29465,-,4839,2719,21907,4154
부산광역시,가정용 세탁업,2019,362,719,44182,35433,12578,5433,4428,12993,4723
부산광역시,가정용 세탁업,2020,355,524,33786,30194,13131,2477,2781,11805,2173
부산광역시,기타 프랜차이즈,2018,1429,4695,352575,311323,-,43932,33792,233599,39570
부산광역시,기타 프랜차이즈,2019,1469,4688,419986,410502,250766,74930,34863,49943,72061
부산광역시,기타 프랜차이즈,2020,1492,4579,430122,422779,242532,59306,41003,79939,53274
대구광역시,체인화 편의점,2018,1436,6028,662803,639139,-,44148,20563,574428,38527
대구광역시,체인화 편의점,2019,1450,6000,685132,647654,481947,46081,29312,90314,44960
대구광역시,체인화 편의점,2020,1734,5897,676408,682139,491426,42843,17608,130262,38629
대구광역시,문구용품 및 회화용품 소매업,2018,27,68,10504,9367,-,738,488,8141,638
대구광역시,문구용품 및 회화용품 소매업,2019,28,66,11422,10887,8585,846,575,881,789
대구광역시,문구용품 및 회화용품 소매업,2020,31,67,12049,11335,8743,752,547,1293,684
대구광역시,의약품 및 의료용품 소매업,2018,172,518,152888,136897,-,9773,3983,123141,8683
대구광역시,의약품 및 의료용품 소매업,2019,179,568,139286,131158,105023,11177,5850,9108,10113
대구광역시,의약품 및 의료용품 소매업,2020,183,538,154589,141894,118171,8280,4359,11084,7383
대구광역시,안경 및 렌즈 소매업,2018,163,481,54596,47150,-,8799,6760,31591,7761
대구광역시,안경 및 렌즈 소매업,2019,153,469,55120,47309,28638,8213,5865,4593,7822
대구광역시,안경 및 렌즈 소매업,2020,151,432,49369,44965,25736,6969,5633,6627,6862
대구광역시,한식 음식점업,2018,1360,5834,393375,352184,-,68277,35304,248603,65182
대구광역시,한식 음식점업,2019,1431,5765,411673,356003,187731,75330,39849,53091,73944
대구광역시,한식 음식점업,2020,1658,5243,387317,369083,179010,70114,34538,85421,64564
대구광역시,외국식 음식점업,2018,353,1924,111536,98476,-,24461,9729,64286,22718
대구광역시,외국식 음식점업,2019,319,1600,106188,93168,45707,25070,9575,12816,24312
대구광역시,외국식 음식점업,2020,314,1367,95627,91376,41876,20003,7844,21654,18889
대구광역시,제과점업,2018,362,1683,129638,120655,-,14502,9265,96888,13589
대구광역시,제과점업,2019,350,1589,121704,104103,62032,19880,9835,12357,19609
대구광역시,제과점업,2020,358,1513,125300,117117,76772,13304,8472,18569,12751
대구광역시,"피자, 햄버거, 샌드위치 및 유사 음식점업",2018,498,2738,149804,136971,-,26741,9365,100865,24683
대구광역시,"피자, 햄버거, 샌드위치 및 유사 음식점업",2019,512,2830,165214,146247,80835,30138,11323,23951,28995
대구광역시,"피자, 햄버거, 샌드위치 및 유사 음식점업",2020,588,2613,181507,170867,89045,29233,13049,39540,28388
대구광역시,치킨전문점,2018,1239,2936,175798,146191,-,11044,10290,124857,10187
대구광역시,치킨전문점,2019,1279,2838,217461,178672,119353,10458,12758,36104,10171
대구광역시,치킨전문점,2020,1288,2617,222989,193642,112713,14853,11215,54862,12925
대구광역시,"김밥, 기타 간이음식점 및 포장 판매점",2018,731,2362,111019,96721,-,16446,10741,69534,15500
대구광역시,"김밥, 기타 간이음식점 및 포장 판매점",2019,749,2462,144169,117923,67267,19517,13612,17528,19233
대구광역시,"김밥, 기타 간이음식점 및 포장 판매점",2020,832,2285,141528,125704,69719,18688,12419,24878,16472
대구광역시,생맥주 및 기타 주점업,2018,455,1254,74852,63365,-,9590,7574,46201,8939
대구광역시,생맥주 및 기타 주점업,2019,408,1037,61072,47439,26413,8439,7365,5221,7942
대구광역시,생맥주 및 기타 주점업,2020,407,945,52671,46461,22791,7648,4933,11090,7266
대구광역시,커피 및 기타 비알코올 음료점업,2018,779,3672,176880,148503,-,34325,20655,93523,32551
대구광역시,커피 및 기타 비알코올 음료점업,2019,833,3949,209488,177410,83452,43385,21849,28723,41511
대구광역시,커피 및 기타 비알코올 음료점업,2020,1001,3979,211897,181798,73950,41844,24409,41595,39703
대구광역시,자동차 전문 수리업,2018,386,1309,147161,129359,-,32200,4275,92884,25915
대구광역시,자동차 전문 수리업,2019,380,1374,153063,134872,79310,30859,6944,17758,29365
대구광역시,자동차 전문 수리업,2020,284,1156,132685,115371,63970,28061,3191,20150,25877
대구광역시,두발 미용업,2018,104,350,12659,10775,-,3459,1755,5561,2943
대구광역시,두발 미용업,2019,75,259,10710,9027,2032,2588,1729,2678,2469
대구광역시,두발 미용업,2020,97,325,10898,11198,3039,3986,1961,2212,3802
대구광역시,가정용 세탁업,2018,189,343,16162,13068,-,2443,1681,8944,2259
대구광역시,가정용 세탁업,2019,202,396,22664,17645,8527,2950,2179,3988,2754
대구광역시,가정용 세탁업,2020,205,296,17027,13669,3440,1832,1424,6973,1778
대구광역시,기타 프랜차이즈,2018,1057,3303,268939,243432,-,31646,22263,189523,29841
대구광역시,기타 프랜차이즈,2019,1108,3239,269280,235501,153064,34726,23356,24354,33351
대구광역시,기타 프랜차이즈,2020,1159,3169,311894,290594,194185,27682,20590,48137,24019
인천광역시,체인화 편의점,2018,2189,9971,1238715,1177055,-,89527,39080,1048448,74567
인천광역시,체인화 편의점,2019,2206,11122,1319166,1224684,958182,94636,49189,122677,91235
인천광역시,체인화 편의점,2020,2501,10831,1299442,1299896,938607,102197,42466,216626,95894
인천광역시,문구용품 및 회화용품 소매업,2018,79,234,32407,28782,-,2763,1708,24311,2572
인천광역시,문구용품 및 회화용품 소매업,2019,77,226,28475,26164,19181,2662,1785,2536,2500
인천광역시,문구용품 및 회화용품 소매업,2020,75,220,27913,25443,18769,2083,1329,3262,1861
인천광역시,의약품 및 의료용품 소매업,2018,190,685,243297,221883,-,17573,6306,198004,15303
인천광역시,의약품 및 의료용품 소매업,2019,197,867,315588,295917,248969,22065,9105,15777,20424
인천광역시,의약품 및 의료용품 소매업,2020,202,812,318193,296687,248088,18500,10309,19790,17618
인천광역시,안경 및 렌즈 소매업,2018,158,469,54488,46657,-,8864,7269,30524,8172
인천광역시,안경 및 렌즈 소매업,2019,165,482,62758,54008,30909,9304,8611,5184,8985
인천광역시,안경 및 렌즈 소매업,2020,147,436,49179,44924,22352,8668,6979,6925,8107
인천광역시,한식 음식점업,2018,1722,7296,530736,467502,-,93763,49635,324104,89713
인천광역시,한식 음식점업,2019,1753,7387,561786,492288,278155,111956,49874,52302,108685
인천광역시,한식 음식점업,2020,2085,6680,530461,500661,263378,93218,46517,97548,81630
인천광역시,외국식 음식점업,2018,385,2353,158987,139910,-,35298,12819,91793,32639
인천광역시,외국식 음식점업,2019,393,2199,167856,153081,72571,39240,16151,25118,38023
인천광역시,외국식 음식점업,2020,466,2171,161867,155566,68205,38943,15283,33134,37880
인천광역시,제과점업,2018,397,1924,175962,161354,-,18855,12729,129770,17784
인천광역시,제과점업,2019,380,2064,162160,144672,86952,24148,14117,19454,23900
인천광역시,제과점업,2020,417,2090,177472,169884,107942,22436,12407,27099,22244
인천광역시,"피자, 햄버거, 샌드위치 및 유사 음식점업",2018,657,3334,199592,173184,-,33438,15691,124055,31517
인천광역시,"피자, 햄버거, 샌드위치 및 유사 음식점업",2019,682,3509,221749,205670,111234,35986,16429,42020,35168
인천광역시,"피자, 햄버거, 샌드위치 및 유사 음식점업",2020,754,3154,235596,216811,114729,37095,15877,49110,33339
인천광역시,치킨전문점,2018,1289,3415,240395,205901,-,20574,16340,168987,18613
인천광역시,치킨전문점,2019,1321,3545,318149,269411,179316,26060,19611,44424,25462
인천광역시,치킨전문점,2020,1460,3315,335951,292723,178307,26159,24051,64206,24163
인천광역시,"김밥, 기타 간이음식점 및 포장 판매점",2018,685,2438,133046,116259,-,20616,12651,82992,19896
인천광역시,"김밥, 기타 간이음식점 및 포장 판매점",2019,686,2808,151013,132839,74924,24466,14632,18817,24222
인천광역시,"김밥, 기타 간이음식점 및 포장 판매점",2020,860,2607,157220,139996,73928,22728,14060,29280,21711
인천광역시,생맥주 및 기타 주점업,2018,615,2074,140277,119981,-,21055,14915,84011,19538
인천광역시,생맥주 및 기타 주점업,2019,545,1733,131240,112190,60043,20025,14574,17549,19551
인천광역시,생맥주 및 기타 주점업,2020,603,1689,123658,110441,53044,17941,13865,25590,15587
인천광역시,커피 및 기타 비알코올 음료점업,2018,986,4277,182359,156457,-,35555,23557,97345,34334
인천광역시,커피 및 기타 비알코올 음료점업,2019,1049,4890,216530,183969,81548,45247,28839,28335,44657
인천광역시,커피 및 기타 비알코올 음료점업,2020,1260,4714,217988,193799,76118,42265,27469,47947,36776
인천광역시,자동차 전문 수리업,2018,295,1334,155085,138895,-,40061,6137,92697,32798
인천광역시,자동차 전문 수리업,2019,292,1440,163457,150115,82279,42074,6323,19438,40380
인천광역시,자동차 전문 수리업,2020,269,1391,165770,151660,76755,38934,7163,28808,36192
인천광역시,두발 미용업,2018,263,1441,64868,57259,-,16864,6887,33508,14017
인천광역시,두발 미용업,2019,275,1360,64865,57242,14719,21906,7875,12743,18907
인천광역시,두발 미용업,2020,282,1330,66215,62901,13448,18862,8085,22506,15930
인천광역시,가정용 세탁업,2018,217,362,19300,16105,-,1774,2114,12217,1542
인천광역시,가정용 세탁업,2019,220,372,19132,13745,4650,2139,1984,4973,1745
인천광역시,가정용 세탁업,2020,211,286,17531,16606,8778,1421,1277,5129,929
인천광역시,기타 프랜차이즈,2018,1168,4459,399234,366421,-,57659,28795,279967,53803
인천광역시,기타 프랜차이즈,2019,1241,5108,518692,466685,298253,70505,42775,55151,59871
인천광역시,기타 프랜차이즈,2020,1295,4904,462038,430273,263354,59958,30463,76498,55613
광주광역시,체인화 편의점,2018,1048,4503,475498,463004,-,35564,12551,414889,30557
광주광역시,체인화 편의점,2019,1039,4645,537915,505728,369784,39456,21507,74980,38261
광주광역시,체인화 편의점,2020,1125,4591,527655,526297,372732,42925,18725,91915,39556
광주광역시,문구용품 및 회화용품 소매업,2018,42,128,16660,15621,-,1287,1158,13176,1206
광주광역시,문구용품 및 회화용품 소매업,2019,45,126,16454,14967,10655,1549,1651,1113,1493
광주광역시,문구용품 및 회화용품 소매업,2020,43,129,17602,16425,12204,1102,1195,1924,980
광주광역시,의약품 및 의료용품 소매업,2018,120,351,107229,95500,-,7792,2792,84916,6769
광주광역시,의약품 및 의료용품 소매업,2019,128,412,115159,102785,84575,7529,3971,6710,7286
광주광역시,의약품 및 의료용품 소매업,2020,134,408,126434,115508,95831,8555,2811,8311,8044
광주광역시,안경 및 렌즈 소매업,2018,126,331,32779,28803,-,4104,4147,20552,3698
광주광역시,안경 및 렌즈 소매업,2019,132,357,36788,30724,17661,5408,4880,2774,5212
광주광역시,안경 및 렌즈 소매업,2020,141,311,33626,31184,17181,4361,4370,5272,3896
광주광역시,한식 음식점업,2018,711,3056,210932,193720,-,33740,16773,143207,32374
광주광역시,한식 음식점업,2019,752,3102,237828,201229,119866,37057,21534,22772,36406
광주광역시,한식 음식점업,2020,904,2900,223436,214311,116947,37251,16959,43154,34710
광주광역시,외국식 음식점업,2018,197,1059,64574,58827,-,12627,4484,41716,11913
광주광역시,외국식 음식점업,2019,205,1085,81445,72487,39138,15933,6203,11213,15342
광주광역시,외국식 음식점업,2020,228,1033,87273,81475,44449,15859,6797,14370,15403
광주광역시,제과점업,2018,190,870,78518,72419,-,7481,5014,59924,7144
광주광역시,제과점업,2019,182,814,74264,66702,47516,7601,5646,5939,7504
광주광역시,제과점업,2020,189,789,77976,73840,50953,7512,6117,9259,7415
광주광역시,"피자, 햄버거, 샌드위치 및 유사 음식점업",2018,376,1722,101832,93768,-,16077,7276,70415,14859
광주광역시,"피자, 햄버거, 샌드위치 및 유사 음식점업",2019,375,1786,109400,95913,53629,18105,9190,14988,17349
광주광역시,"피자, 햄버거, 샌드위치 및 유사 음식점업",2020,434,1736,122116,113159,63493,16307,7897,25463,15179
광주광역시,치킨전문점,2018,685,1846,123049,110884,-,10565,5531,94788,9763
광주광역시,치킨전문점,2019,696,2014,159369,135275,97821,14580,9853,13020,14564
광주광역시,치킨전문점,2020,787,1891,167575,148657,95910,11690,5699,35358,11070
광주광역시,"김밥, 기타 간이음식점 및 포장 판매점",2018,440,1532,74461,67474,-,12166,5114,50194,11065
광주광역시,"김밥, 기타 간이음식점 및 포장 판매점",2019,391,1430,80434,69071,40345,13662,6789,8275,13551
광주광역시,"김밥, 기타 간이음식점 및 포장 판매점",2020,487,1417,91222,79531,43874,12174,5432,18051,11068
광주광역시,생맥주 및 기타 주점업,2018,569,1326,79258,70260,-,8925,6708,54627,8529
광주광역시,생맥주 및 기타 주점업,2019,408,1007,65033,53118,29912,8620,7913,6672,8437
광주광역시,생맥주 및 기타 주점업,2020,394,857,53345,48264,26157,7002,4314,10791,6148
광주광역시,커피 및 기타 비알코올 음료점업,2018,554,2605,99695,90156,-,19293,13159,57704,18506
광주광역시,커피 및 기타 비알코올 음료점업,2019,605,3097,135193,111683,50373,30994,17909,12407,30680
광주광역시,커피 및 기타 비알코올 음료점업,2020,706,2841,128277,114556,45623,26192,16334,26407,24816
광주광역시,자동차 전문 수리업,2018,175,648,79170,71085,-,16688,1179,53218,14220
광주광역시,자동차 전문 수리업,2019,172,712,81173,72453,44874,17316,2332,7931,16656
광주광역시,자동차 전문 수리업,2020,173,716,86639,80149,45287,19143,2311,13408,17965
광주광역시,두발 미용업,2018,122,555,24551,21863,-,7852,3029,10982,7093
광주광역시,두발 미용업,2019,158,676,30983,24978,7060,10166,3800,3952,9640
광주광역시,두발 미용업,2020,164,529,24596,21903,5352,6988,2927,6637,6588
광주광역시,가정용 세탁업,2018,110,191,9687,8417,-,1027,886,6504,886
광주광역시,가정용 세탁업,2019,128,269,13979,10981,3938,1918,1755,3371,1713
광주광역시,가정용 세탁업,2020,137,200,11436,9100,1232,883,1277,5709,843
광주광역시,기타 프랜차이즈,2018,718,2573,311963,303938,-,32317,15020,256601,30088
광주광역시,기타 프랜차이즈,2019,818,2839,362868,335153,248629,41308,18505,26712,39649
광주광역시,기타 프랜차이즈,2020,922,2885,344401,322448,197651,39299,25791,59707,36206
대전광역시,체인화 편의점,2018,1100,4952,530978,512125,-,40690,16799,454636,33105
대전광역시,체인화 편의점,2019,1100,5195,603502,581434,427828,43606,18384,91616,40503
대전광역시,체인화 편의점,2020,1266,5088,595144,599037,421402,53430,14140,110065,46673
대전광역시,문구용품 및 회화용품 소매업,2018,28,85,14355,13008,-,1175,554,11279,1033
대전광역시,문구용품 및 회화용품 소매업,2019,30,92,14950,13385,10171,1051,1049,1113,929
대전광역시,문구용품 및 회화용품 소매업,2020,29,85,14115,12859,9688,1050,641,1479,834
대전광역시,의약품 및 의료용품 소매업,2018,93,355,124517,113775,-,8550,2736,102489,7322
대전광역시,의약품 및 의료용품 소매업,2019,99,343,89218,81916,63426,8786,2890,6814,7027
대전광역시,의약품 및 의료용품 소매업,2020,101,335,97044,88732,73547,6850,2904,5430,6410
대전광역시,안경 및 렌즈 소매업,2018,118,311,36455,32432,-,5755,3740,22937,5331
대전광역시,안경 및 렌즈 소매업,2019,107,290,37622,31907,18812,5128,3622,4345,4754
대전광역시,안경 및 렌즈 소매업,2020,110,296,34308,30798,17037,5000,3380,5381,4768
대전광역시,한식 음식점업,2018,988,4167,260931,235629,-,45069,21907,168653,42571
대전광역시,한식 음식점업,2019,931,3661,228083,193130,103734,43194,22139,24063,42621
대전광역시,한식 음식점업,2020,1051,3392,213996,202856,108181,39358,16068,39248,36948
대전광역시,외국식 음식점업,2018,204,1141,78680,71101,-,16359,6052,48690,15156
대전광역시,외국식 음식점업,2019,199,1022,79194,72814,39628,15577,6297,11312,14672
대전광역시,외국식 음식점업,2020,223,1007,73543,69722,33472,15286,5285,15679,14936
대전광역시,제과점업,2018,229,1087,85260,79415,-,8710,5724,64981,8208
대전광역시,제과점업,2019,238,1115,74361,67849,42409,11019,6698,7722,10546
대전광역시,제과점업,2020,253,1115,79577,75369,48652,10350,6643,9724,9851
대전광역시,"피자, 햄버거, 샌드위치 및 유사 음식점업",2018,440,2350,119571,111159,-,20965,8794,81400,19029
대전광역시,"피자, 햄버거, 샌드위치 및 유사 음식점업",2019,449,2339,139548,120905,69130,22969,9918,18888,22417
대전광역시,"피자, 햄버거, 샌드위치 및 유사 음식점업",2020,486,2112,146254,134046,70319,24841,9050,29835,22267
대전광역시,치킨전문점,2018,854,2144,130713,111641,-,9900,7699,94042,8520
대전광역시,치킨전문점,2019,786,2164,148394,126030,86199,11379,8526,19925,11245
대전광역시,치킨전문점,2020,842,2061,150313,132567,87031,12319,7732,25484,10795
대전광역시,"김밥, 기타 간이음식점 및 포장 판매점",2018,416,1377,76242,68057,-,10630,6307,51120,9637
대전광역시,"김밥, 기타 간이음식점 및 포장 판매점",2019,413,1349,76924,66685,36287,12023,8921,9454,11732
대전광역시,"김밥, 기타 간이음식점 및 포장 판매점",2020,493,1410,90706,80320,43789,13185,7072,16274,12567
대전광역시,생맥주 및 기타 주점업,2018,387,1144,66716,58017,-,8263,5810,43944,7331
대전광역시,생맥주 및 기타 주점업,2019,330,954,59014,50578,28188,8387,5991,8013,8073
대전광역시,생맥주 및 기타 주점업,2020,336,861,50130,44636,21572,7506,4777,10781,7095
대전광역시,커피 및 기타 비알코올 음료점업,2018,523,2220,97627,88794,-,18615,12391,57788,17483
대전광역시,커피 및 기타 비알코올 음료점업,2019,534,2335,108773,95007,44578,21199,14917,14314,20849
대전광역시,커피 및 기타 비알코올 음료점업,2020,552,2103,99630,88424,34650,20799,11574,21401,17657
대전광역시,자동차 전문 수리업,2018,234,715,87597,78416,-,17228,1932,59256,13369
대전광역시,자동차 전문 수리업,2019,239,762,92979,85374,49975,17617,3658,14123,16395
대전광역시,자동차 전문 수리업,2020,173,565,68600,60102,32458,14407,1378,11859,13328
대전광역시,두발 미용업,2018,113,425,17020,14690,-,4400,2127,8163,3712
대전광역시,두발 미용업,2019,125,448,18857,15712,3815,5961,2700,3237,5089
대전광역시,두발 미용업,2020,136,473,21787,22376,7623,5894,2822,6038,4951
대전광역시,가정용 세탁업,2018,126,250,13352,11134,-,1690,1033,8411,1262
대전광역시,가정용 세탁업,2019,139,288,16920,13733,2707,2619,2008,6398,2321
대전광역시,가정용 세탁업,2020,99,163,10203,9519,1979,929,984,5627,836
대전광역시,기타 프랜차이즈,2018,699,2417,201787,187548,-,26322,13523,147703,23529
대전광역시,기타 프랜차이즈,2019,696,2835,260757,244543,159614,30670,14875,39383,27800
대전광역시,기타 프랜차이즈,2020,790,2578,272034,257376,170893,33050,16360,37074,29844
울산광역시,체인화 편의점,2018,883,3713,425055,411363,-,29549,12035,369779,24730
울산광역시,체인화 편의점,2019,867,3784,467427,442725,343713,36628,16876,45509,34557
울산광역시,체인화 편의점,2020,983,3711,458393,457808,332457,37027,8394,79930,31445
울산광역시,문구용품 및 회화용품 소매업,2018,27,73,9568,9033,-,734,511,7788,618
울산광역시,문구용품 및 회화용품 소매업,2019,22,48,5931,5162,4425,228,279,230,213
울산광역시,문구용품 및 회화용품 소매업,2020,21,51,6174,5740,4222,658,322,537,636
울산광역시,의약품 및 의료용품 소매업,2018,59,196,57902,51668,-,5092,1504,45072,4861
울산광역시,의약품 및 의료용품 소매업,2019,71,245,79837,72998,60371,5632,2845,4149,5392
울산광역시,의약품 및 의료용품 소매업,2020,74,237,81030,72929,58187,5876,2050,6816,5757
울산광역시,안경 및 렌즈 소매업,2018,66,179,19187,16805,-,3168,1823,11814,2497
울산광역시,안경 및 렌즈 소매업,2019,59,142,18223,15337,8629,2705,1644,2359,2489
울산광역시,안경 및 렌즈 소매업,2020,56,165,18784,16776,8605,3373,2073,2725,3333
울산광역시,한식 음식점업,2018,644,2618,179420,161257,-,30364,14069,116824,28979
울산광역시,한식 음식점업,2019,759,2685,193899,171185,93283,32167,18514,27222,30496
울산광역시,한식 음식점업,2020,854,2452,182192,170970,89114,28318,13906,39632,24194
울산광역시,외국식 음식점업,2018,168,851,58147,53008,-,11937,4702,36369,11122
울산광역시,외국식 음식점업,2019,161,725,55487,50531,26907,11691,4970,6962,11473
울산광역시,외국식 음식점업,2020,166,679,46758,44704,20747,10720,3790,9447,10689
울산광역시,제과점업,2018,158,763,61282,57296,-,6830,3541,46925,6460
울산광역시,제과점업,2019,163,843,71618,67500,47425,8160,4333,7581,8131
울산광역시,제과점업,2020,172,790,70114,65445,37106,8701,5321,14317,8399
울산광역시,"피자, 햄버거, 샌드위치 및 유사 음식점업",2018,315,1217,67798,60484,-,10838,5023,44623,10269
울산광역시,"피자, 햄버거, 샌드위치 및 유사 음식점업",2019,323,1289,75219,66670,36150,11108,6869,12544,10434
울산광역시,"피자, 햄버거, 샌드위치 및 유사 음식점업",2020,369,1184,79688,73224,39297,11932,3634,18361,11201
울산광역시,치킨전문점,2018,725,1718,101435,84828,-,7243,5358,72227,6873
울산광역시,치킨전문점,2019,732,1751,114621,92631,63226,9553,6345,13508,9204
울산광역시,치킨전문점,2020,763,1634,117459,100047,66787,6669,5397,21193,6105
울산광역시,"김밥, 기타 간이음식점 및 포장 판매점",2018,291,925,45905,40468,-,6126,3403,30939,5697
울산광역시,"김밥, 기타 간이음식점 및 포장 판매점",2019,303,900,55502,48013,28773,7810,4992,6437,7759
울산광역시,"김밥, 기타 간이음식점 및 포장 판매점",2020,365,971,64819,56639,30860,10247,4828,10704,9838
울산광역시,생맥주 및 기타 주점업,2018,283,684,39082,34171,-,4428,3534,26209,4209
울산광역시,생맥주 및 기타 주점업,2019,217,525,33473,27391,15812,4677,3406,3496,4484
울산광역시,생맥주 및 기타 주점업,2020,244,501,29759,26987,14727,3267,2508,6486,3126
울산광역시,커피 및 기타 비알코올 음료점업,2018,491,1803,80575,70223,-,14906,9855,45462,14394
울산광역시,커피 및 기타 비알코올 음료점업,2019,441,1497,71265,59520,24279,13055,9924,12261,12704
울산광역시,커피 및 기타 비알코올 음료점업,2020,526,1565,76959,68154,26665,16179,10190,15120,15373
울산광역시,자동차 전문 수리업,2018,325,934,112312,100784,-,22219,2171,76394,18295
울산광역시,자동차 전문 수리업,2019,345,1086,123158,104488,66060,22441,3891,12096,21265
울산광역시,자동차 전문 수리업,2020,123,526,61849,54772,29999,14894,1979,7899,13794
울산광역시,두발 미용업,2018,59,317,14608,13477,-,3979,1918,7580,3201
울산광역시,두발 미용업,2019,75,410,20366,18624,2134,6379,2245,7866,5734
울산광역시,두발 미용업,2020,70,289,13857,11564,1546,3122,2035,4860,1689
울산광역시,가정용 세탁업,2018,114,191,10283,8692,-,807,859,7026,749
울산광역시,가정용 세탁업,2019,136,227,12641,7611,3143,791,1381,2295,702
울산광역시,가정용 세탁업,2020,126,176,9621,8200,2765,623,893,3919,518
울산광역시,기타 프랜차이즈,2018,557,1732,185212,134086,-,17839,10480,105767,16600
울산광역시,기타 프랜차이즈,2019,584,1738,228030,211210,146202,20517,12901,31592,18212
울산광역시,기타 프랜차이즈,2020,626,1819,233878,213010,122834,27623,19550,43003,25143
세종특별자치시,체인화 편의점,2018,232,933,104050,101624,-,7709,4213,89702,6113
세종특별자치시,체인화 편의점,2019,246,1055,122606,114312,86400,10439,6116,11357,10053
세종특별자치시,체인화 편의점,2020,287,1046,122150,122564,86492,11498,3026,21548,10514
세종특별자치시,문구용품 및 회화용품 소매업,2018,27,69,10378,9646,-,829,619,8198,728
세종특별자치시,문구용품 및 회화용품 소매업,2019,21,53,9531,7985,5991,608,539,846,561
세종특별자치시,문구용품 및 회화용품 소매업,2020,21,57,10037,9498,7166,739,660,933,702
세종특별자치시,의약품 및 의료용품 소매업,2018,21,61,11788,10499,-,876,692,8931,808
세종특별자치시,의약품 및 의료용품 소매업,2019,24,61,16781,14440,10709,1301,1032,1397,1123
세종특별자치시,의약품 및 의료용품 소매업,2020,29,68,18980,16739,13372,1139,766,1461,1032
세종특별자치시,안경 및 렌즈 소매업,2018,16,39,1991,1899,-,169,349,1381,164
세종특별자치시,안경 및 렌즈 소매업,2019,20,45,6651,5854,2950,915,952,1037,824
세종특별자치시,안경 및 렌즈 소매업,2020,22,47,6498,6086,3083,946,1008,1048,859
세종특별자치시,한식 음식점업,2018,227,953,57822,50582,-,10737,5567,34278,9875
세종특별자치시,한식 음식점업,2019,236,982,69558,59492,32365,12831,6878,7417,12515
세종특별자치시,한식 음식점업,2020,294,902,69050,65487,32206,11581,5793,15907,9906
세종특별자치시,외국식 음식점업,2018,67,358,24562,22000,-,5623,1638,14739,5057
세종특별자치시,외국식 음식점업,2019,54,251,21555,19164,9638,4572,1761,3193,4360
세종특별자치시,외국식 음식점업,2020,76,281,23729,25715,10646,5011,2359,7698,4911
세종특별자치시,제과점업,2018,57,303,21262,19963,-,2442,1789,15732,2201
세종특별자치시,제과점업,2019,53,271,21416,19109,11177,3227,1368,3337,3113
세종특별자치시,제과점업,2020,63,324,25651,24393,15718,3183,1851,3641,3174
세종특별자치시,"피자, 햄버거, 샌드위치 및 유사 음식점업",2018,77,393,21714,19683,-,3650,1846,14187,3420
세종특별자치시,"피자, 햄버거, 샌드위치 및 유사 음식점업",2019,87,448,30750,27921,13362,5710,2464,6386,5500
세종특별자치시,"피자, 햄버거, 샌드위치 및 유사 음식점업",2020,110,471,35482,32943,16726,6163,2112,7942,5169
세종특별자치시,치킨전문점,2018,145,425,29478,25860,-,3205,2676,19979,2741
세종특별자치시,치킨전문점,2019,168,512,39098,33905,19161,5675,3037,6032,5415
세종특별자치시,치킨전문점,2020,165,473,38493,32704,19616,3602,2485,7000,3344
세종특별자치시,"김밥, 기타 간이음식점 및 포장 판매점",2018,105,358,18885,16865,-,2719,2098,12048,2446
세종특별자치시,"김밥, 기타 간이음식점 및 포장 판매점",2019,114,421,26705,23049,12360,3904,2339,4446,3786
세종특별자치시,"김밥, 기타 간이음식점 및 포장 판매점",2020,139,440,29943,26450,13543,4211,2768,5929,3834
세종특별자치시,생맥주 및 기타 주점업,2018,58,151,7796,6801,-,1045,877,4879,960
세종특별자치시,생맥주 및 기타 주점업,2019,59,147,8300,7160,3418,1311,1156,1275,1257
세종특별자치시,생맥주 및 기타 주점업,2020,57,133,7054,6467,2863,1183,784,1638,1053
세종특별자치시,커피 및 기타 비알코올 음료점업,2018,106,435,15758,14556,-,3266,2276,9014,3064
세종특별자치시,커피 및 기타 비알코올 음료점업,2019,117,398,20357,16983,7280,3980,2751,2973,3626
세종특별자치시,커피 및 기타 비알코올 음료점업,2020,137,434,22255,20268,7622,5129,2499,5018,4919
세종특별자치시,자동차 전문 수리업,2018,24,102,11099,10018,-,2448,403,7167,2008
세종특별자치시,자동차 전문 수리업,2019,33,146,18154,15106,7401,4342,872,2491,3807
세종특별자치시,자동차 전문 수리업,2020,24,94,12911,11094,5482,2300,223,3089,2072
세종특별자치시,두발 미용업,2018,34,139,6407,5777,-,1539,890,3348,1416
세종특별자치시,두발 미용업,2019,40,136,6985,6045,684,1615,957,2788,1504
세종특별자치시,두발 미용업,2020,26,114,5738,5310,1409,1442,732,1727,1421
세종특별자치시,가정용 세탁업,2018,52,112,4780,3899,-,910,574,2415,788
세종특별자치시,가정용 세탁업,2019,59,112,6324,4860,944,1030,697,2189,893
세종특별자치시,가정용 세탁업,2020,68,88,4876,4038,659,544,580,2255,417
세종특별자치시,기타 프랜차이즈,2018,154,570,54522,48327,-,6271,4046,38010,5831
세종특별자치시,기타 프랜차이즈,2019,132,480,58376,56458,32576,7798,3207,12877,7017
세종특별자치시,기타 프랜차이즈,2020,166,490,58024,54071,28036,8775,6768,10491,7820
경기도,체인화 편의점,2018,10536,47714,5505437,5307758,-,414629,175613,4717516,343955
경기도,체인화 편의점,2019,10764,56528,6947792,6591569,4906020,544871,220455,920223,521488
경기도,체인화 편의점,2020,12280,56042,6851704,6767837,4923370,519073,261256,1064138,504866
경기도,문구용품 및 회화용품 소매업,2018,459,1255,178772,163478,-,14673,11230,137575,12948
경기도,문구용품 및 회화용품 소매업,2019,456,1210,185209,169446,127636,13831,12537,15442,13571
경기도,문구용품 및 회화용품 소매업,2020,471,1173,196648,178960,129238,14747,12554,22421,14075
경기도,의약품 및 의료용품 소매업,2018,928,3268,971608,882553,-,75726,29384,777443,67809
경기도,의약품 및 의료용품 소매업,2019,976,3431,966174,897526,717080,74196,31769,74482,68802
경기도,의약품 및 의료용품 소매업,2020,1068,3494,1110879,1041090,845408,77686,36745,81250,68372
경기도,안경 및 렌즈 소매업,2018,687,2049,249647,215981,-,37563,31170,147248,34429
경기도,안경 및 렌즈 소매업,2019,708,2115,266591,239535,129142,42004,37378,31012,39563
경기도,안경 및 렌즈 소매업,2020,809,2073,267602,239430,123118,41870,36619,37823,38751
경기도,한식 음식점업,2018,7602,33158,2374282,2151664,-,407538,219036,1525090,392846
경기도,한식 음식점업,2019,8144,34733,2741220,2452405,1281796,490411,255534,424665,482166
경기도,한식 음식점업,2020,9462,31278,2616827,2442929,1147584,461240,289258,544846,446083
경기도,외국식 음식점업,2018,2051,11764,763105,671811,-,164127,70751,436933,155207
경기도,외국식 음식점업,2019,2037,11165,818059,727929,359365,175099,84909,108556,171208
경기도,외국식 음식점업,2020,2332,10806,804449,761988,343743,177254,81358,159632,172206
경기도,제과점업,2018,1832,9095,831010,779773,-,85766,59835,634172,79689
경기도,제과점업,2019,1847,8714,881250,821250,584052,92448,68762,75988,90658
경기도,제과점업,2020,1957,8856,896551,844379,550357,102471,64886,126666,97366
경기도,"피자, 햄버거, 샌드위치 및 유사 음식점업",2018,2834,15208,882458,802639,-,146713,72341,583585,140135
경기도,"피자, 햄버거, 샌드위치 및 유사 음식점업",2019,3037,15985,988323,872221,471295,176418,87631,136877,173353
경기도,"피자, 햄버거, 샌드위치 및 유사 음식점업",2020,3518,14745,1074619,966339,510097,165217,81483,209542,156515
경기도,치킨전문점,2018,5883,16243,1087521,947103,-,94582,75558,776963,85490
경기도,치킨전문점,2019,6122,16094,1392945,1211966,768977,122701,100248,220039,121565
경기도,치킨전문점,2020,6576,15080,1432803,1238225,760942,99169,95586,282529,85509
경기도,"김밥, 기타 간이음식점 및 포장 판매점",2018,3262,12134,646995,575507,-,102053,62741,410713,96845
경기도,"김밥, 기타 간이음식점 및 포장 판매점",2019,3411,12278,780692,685219,370123,124502,79496,111097,122127
경기도,"김밥, 기타 간이음식점 및 포장 판매점",2020,4076,12134,840433,755650,410317,114367,81450,149515,101124
경기도,생맥주 및 기타 주점업,2018,2419,8062,478642,422773,-,71268,55050,296455,65455
경기도,생맥주 및 기타 주점업,2019,2188,6877,451077,385992,204846,69363,53163,58621,68706
경기도,생맥주 및 기타 주점업,2020,2252,6333,393377,344597,158109,62938,46460,77090,55193
경기도,커피 및 기타 비알코올 음료점업,2018,4139,18018,782879,698660,-,149151,108999,440510,142380
경기도,커피 및 기타 비알코올 음료점업,2019,4353,19521,892115,782931,320899,178426,132257,151350,171316
경기도,커피 및 기타 비알코올 음료점업,2020,5136,18352,915578,819583,333509,174366,123246,188462,159008
경기도,자동차 전문 수리업,2018,1625,6914,856857,772099,-,218404,34489,519206,175303
경기도,자동차 전문 수리업,2019,1606,7547,901472,847304,421708,223984,39659,161952,210343
경기도,자동차 전문 수리업,2020,1426,6993,867174,792137,370541,217334,41749,162512,199456
경기도,두발 미용업,2018,1198,6421,287534,259317,-,74081,38286,146950,63827
경기도,두발 미용업,2019,1199,6861,341709,298717,79993,95765,44889,78069,82584
경기도,두발 미용업,2020,1230,5846,295871,259766,49732,86206,35428,88400,65391
경기도,가정용 세탁업,2018,1382,2738,144992,122479,-,21847,13889,86743,18569
경기도,가정용 세탁업,2019,1461,2954,181887,145669,61268,24009,19903,40488,21157
경기도,가정용 세탁업,2020,1422,2171,146706,125303,42231,20937,16936,45199,15978
경기도,기타 프랜차이즈,2018,5553,21317,1802454,1694470,-,251479,150548,1292443,235634
경기도,기타 프랜차이즈,2019,6277,23236,2135441,1930863,1193814,264785,201575,270688,253043
경기도,기타 프랜차이즈,2020,6692,21785,2140175,2001466,1177069,290337,162303,371757,273591
강원도,체인화 편의점,2018,1704,6422,800667,764918,-,59284,20337,685297,46343
강원도,체인화 편의점,2019,1801,7137,921707,848330,622645,63180,32339,130166,61061
강원도,체인화 편의점,2020,1989,7142,911279,914674,656297,79582,21301,157494,70588
강원도,문구용품 및 회화용품 소매업,2018,72,152,20320,18597,-,1025,689,16883,805
강원도,문구용품 및 회화용품 소매업,2019,72,142,16889,13972,10453,1085,688,1745,1009
강원도,문구용품 및 회화용품 소매업,2020,70,152,18123,16181,12992,1102,552,1536,943
강원도,의약품 및 의료용품 소매업,2018,97,300,114209,104836,-,6648,2183,96005,5812
강원도,의약품 및 의료용품 소매업,2019,110,320,110942,101639,80895,6109,3592,11043,5700
강원도,의약품 및 의료용품 소매업,2020,129,375,140982,129253,111589,6943,2337,8384,6598
강원도,안경 및 렌즈 소매업,2018,82,231,31340,26284,-,5462,2502,18320,4179
강원도,안경 및 렌즈 소매업,2019,84,236,29186,24902,14037,4548,2840,3478,4312
강원도,안경 및 렌즈 소매업,2020,80,243,27434,24130,12248,5299,2524,4060,5135
강원도,한식 음식점업,2018,729,2623,168981,149399,-,26966,10940,111493,24791
강원도,한식 음식점업,2019,845,2994,221191,195530,109196,34807,15128,36399,34471
강원도,한식 음식점업,2020,940,2780,207400,193543,101508,33813,12979,45243,30251
강원도,외국식 음식점업,2018,166,1049,65223,57189,-,13295,3622,40272,12231
강원도,외국식 음식점업,2019,189,1191,88416,81613,37290,21819,5573,16931,20606
강원도,외국식 음식점업,2020,223,1090,80529,76887,33605,21198,5030,17054,17317
강원도,제과점업,2018,230,872,79775,73982,-,7722,4058,62202,6842
강원도,제과점업,2019,230,948,80887,74702,50048,9997,5433,9224,9905
강원도,제과점업,2020,242,880,84223,79674,53861,9933,4980,10901,9821
강원도,"피자, 햄버거, 샌드위치 및 유사 음식점업",2018,438,1722,105295,92762,-,15704,6635,70423,14453
강원도,"피자, 햄버거, 샌드위치 및 유사 음식점업",2019,497,2013,124406,111756,64075,18934,5974,22773,18307
강원도,"피자, 햄버거, 샌드위치 및 유사 음식점업",2020,530,1717,123778,113335,63563,17587,5753,26432,16419
강원도,치킨전문점,2018,1043,2402,144553,117506,-,8571,7360,101575,7982
강원도,치킨전문점,2019,1072,2358,171617,145571,104262,11650,7698,21961,11172
강원도,치킨전문점,2020,1135,2206,174944,149689,99400,11886,8816,29587,10761
강원도,"김밥, 기타 간이음식점 및 포장 판매점",2018,401,1279,66896,58128,-,9802,4133,44193,9163
강원도,"김밥, 기타 간이음식점 및 포장 판매점",2019,388,1158,68883,58083,35598,9075,5094,8317,8947
강원도,"김밥, 기타 간이음식점 및 포장 판매점",2020,444,1177,77444,67577,40708,9630,4865,12374,8736
강원도,생맥주 및 기타 주점업,2018,430,1000,54256,45864,-,5494,4473,35897,4943
강원도,생맥주 및 기타 주점업,2019,375,821,48808,39234,22482,5792,4402,6558,5569
강원도,생맥주 및 기타 주점업,2020,362,742,41791,36623,17329,5811,3771,9712,5188
강원도,커피 및 기타 비알코올 음료점업,2018,473,1830,78212,69139,-,15758,7007,46374,14918
강원도,커피 및 기타 비알코올 음료점업,2019,504,2012,90386,75669,35234,19266,8427,12743,19177
강원도,커피 및 기타 비알코올 음료점업,2020,580,1980,98708,83324,37855,18987,7571,18911,17754
강원도,자동차 전문 수리업,2018,481,1549,157493,140649,-,31781,2850,106018,25750
강원도,자동차 전문 수리업,2019,513,1881,199537,182794,104431,39969,4488,33906,37923
강원도,자동차 전문 수리업,2020,228,1176,123477,111691,58486,31875,3214,18116,27918
강원도,두발 미용업,2018,52,223,10281,9185,-,2741,1018,5426,2495
강원도,두발 미용업,2019,45,170,8988,8267,1738,2497,1159,2872,1964
강원도,두발 미용업,2020,38,159,7443,6696,1712,1832,781,2371,1338
강원도,가정용 세탁업,2018,76,153,7044,5595,-,969,512,4114,840
강원도,가정용 세탁업,2019,83,218,9516,7533,2104,1507,820,3103,1361
강원도,가정용 세탁업,2020,86,141,7002,5662,2348,876,741,1697,797
강원도,기타 프랜차이즈,2018,643,1967,234368,183686,-,22654,9110,151922,20276
강원도,기타 프랜차이즈,2019,701,2080,297599,272839,190572,24280,11683,46305,21504
강원도,기타 프랜차이즈,2020,828,2434,293813,281859,172015,43221,17530,49093,38664
충청북도,체인화 편의점,2018,1426,5598,663086,636183,-,48249,16593,571341,39653
충청북도,체인화 편의점,2019,1458,5915,690509,634468,457162,50728,19216,107361,48739
충청북도,체인화 편의점,2020,1631,5906,683061,692835,497956,51325,18145,125409,42812
충청북도,문구용품 및 회화용품 소매업,2018,67,182,36764,33286,-,2214,1247,29825,1418
충청북도,문구용품 및 회화용품 소매업,2019,60,173,28936,24667,19148,2334,1108,2078,2200
충청북도,문구용품 및 회화용품 소매업,2020,56,163,28590,26127,20757,2081,929,2360,1928
충청북도,의약품 및 의료용품 소매업,2018,69,288,92372,81770,-,8574,1793,71403,7359
충청북도,의약품 및 의료용품 소매업,2019,78,294,101178,88734,68482,8213,1803,10235,7104
충청북도,의약품 및 의료용품 소매업,2020,85,299,107000,96672,80995,7197,1963,6517,6563
충청북도,안경 및 렌즈 소매업,2018,124,299,35026,28585,-,5200,2904,20481,4440
충청북도,안경 및 렌즈 소매업,2019,126,306,31185,26467,15114,4821,3501,3031,4492
충청북도,안경 및 렌즈 소매업,2020,126,301,32361,28856,14758,5386,3506,5207,4965
충청북도,한식 음식점업,2018,972,3609,257003,225722,-,38398,18738,168586,35603
충청북도,한식 음식점업,2019,1090,3764,274295,228599,135849,41805,23200,27745,41058
충청북도,한식 음식점업,2020,1234,3424,255806,237628,129369,39770,19969,48520,35486
충청북도,외국식 음식점업,2018,193,992,63880,55736,-,13551,4139,38046,12458
충청북도,외국식 음식점업,2019,204,966,61961,54209,26514,14089,5115,8490,13670
충청북도,외국식 음식점업,2020,248,957,64752,60656,28857,14786,4470,12543,12899
충청북도,제과점업,2018,265,1029,96399,87968,-,10008,5943,72017,9330
충청북도,제과점업,2019,278,1136,86585,72277,46837,12729,5311,7400,12367
충청북도,제과점업,2020,284,995,82824,77252,51396,8593,4928,12335,7892
충청북도,"피자, 햄버거, 샌드위치 및 유사 음식점업",2018,396,1670,100998,89878,-,14094,6490,69294,12750
충청북도,"피자, 햄버거, 샌드위치 및 유사 음식점업",2019,426,1885,118531,98792,59663,17137,7319,14673,17005
충청북도,"피자, 햄버거, 샌드위치 및 유사 음식점업",2020,494,1710,119819,108474,59260,18142,7495,23577,17203
충청북도,치킨전문점,2018,881,2056,128162,104877,-,8263,6520,90094,7736
충청북도,치킨전문점,2019,907,2075,165122,128283,93244,12479,9182,13378,12203
충청북도,치킨전문점,2020,965,1954,167174,145200,97416,11320,9849,26615,9443
충청북도,"김밥, 기타 간이음식점 및 포장 판매점",2018,407,1153,61462,52376,-,7648,4795,39933,6866
충청북도,"김밥, 기타 간이음식점 및 포장 판매점",2019,442,1244,73217,58364,33827,9901,7107,7529,9017
충청북도,"김밥, 기타 간이음식점 및 포장 판매점",2020,481,1215,76427,66352,40899,8697,5049,11706,7338
충청북도,생맥주 및 기타 주점업,2018,465,1109,60969,51070,-,6706,5985,38379,6285
충청북도,생맥주 및 기타 주점업,2019,406,989,53913,42624,23480,7529,5971,5644,7382
충청북도,생맥주 및 기타 주점업,2020,406,917,47089,41387,20159,7678,4136,9413,6726
충청북도,커피 및 기타 비알코올 음료점업,2018,417,1635,72462,63705,-,13155,8429,42121,12334
충청북도,커피 및 기타 비알코올 음료점업,2019,443,1694,86941,70401,33574,16843,12351,7633,16678
충청북도,커피 및 기타 비알코올 음료점업,2020,554,1849,87100,78320,33421,16890,11234,16775,15422
충청북도,자동차 전문 수리업,2018,244,1048,120532,109755,-,29111,2337,78307,23952
충청북도,자동차 전문 수리업,2019,245,1178,131733,122609,69017,34424,3766,15402,32332
충청북도,자동차 전문 수리업,2020,195,973,119078,109513,60364,28067,3103,17979,25398
충청북도,두발 미용업,2018,75,291,14513,12508,-,2787,1076,8645,2393
충청북도,두발 미용업,2019,73,257,12282,11322,2134,3179,1439,4569,2904
충청북도,두발 미용업,2020,76,256,14831,13334,4274,3379,1799,3881,2931
충청북도,가정용 세탁업,2018,91,132,8058,6501,-,699,648,5154,581
충청북도,가정용 세탁업,2019,118,187,11518,7728,2440,963,1163,3161,698
충청북도,가정용 세탁업,2020,123,144,9258,6725,1116,146,978,4485,146
충청북도,기타 프랜차이즈,2018,707,2137,223054,210315,-,26824,11107,172384,23643
충청북도,기타 프랜차이즈,2019,762,2305,264363,240270,167531,29037,13632,30071,26998
충청북도,기타 프랜차이즈,2020,848,2270,283252,260515,183535,30465,13025,33490,26578
충청남도,체인화 편의점,2018,2115,7950,995925,958302,-,70072,27538,860692,54656
충청남도,체인화 편의점,2019,2136,8279,1109367,1033756,771810,73296,29820,158829,69287
충청남도,체인화 편의점,2020,2377,8101,1090126,1086350,780030,73362,34846,198113,61368
충청남도,문구용품 및 회화용품 소매업,2018,80,206,35536,32974,-,2712,1174,29088,2214
충청남도,문구용품 및 회화용품 소매업,2019,78,198,35481,31493,25182,2348,1084,2879,2074
충청남도,문구용품 및 회화용품 소매업,2020,80,217,40631,37728,29466,2963,1746,3553,2586
충청남도,의약품 및 의료용품 소매업,2018,93,347,106379,96650,-,8060,2558,86032,7349
충청남도,의약품 및 의료용품 소매업,2019,93,350,94444,87433,68370,8361,3430,7272,8053
충청남도,의약품 및 의료용품 소매업,2020,95,344,105931,97222,80617,6630,3190,6784,6401
충청남도,안경 및 렌즈 소매업,2018,142,399,49705,42173,-,7823,4260,30090,6782
충청남도,안경 및 렌즈 소매업,2019,127,364,44251,38035,21890,6728,3996,5421,6432
충청남도,안경 및 렌즈 소매업,2020,123,346,44362,39072,20675,7646,4341,6411,7241
충청남도,한식 음식점업,2018,1455,5309,361721,321943,-,57265,27055,237623,52216
충청남도,한식 음식점업,2019,1501,5477,381394,328792,190432,63444,30172,44743,62231
충청남도,한식 음식점업,2020,1679,4904,357116,333604,177122,59308,26442,70733,49637
충청남도,외국식 음식점업,2018,304,1554,106028,95053,-,22207,8264,64582,19998
충청남도,외국식 음식점업,2019,295,1374,107771,94433,48854,21606,8914,15060,21136
충청남도,외국식 음식점업,2020,331,1377,101995,97164,44773,22806,8526,21060,21486
충청남도,제과점업,2018,307,1324,125628,116801,-,14210,6832,95759,13260
충청남도,제과점업,2019,332,1397,126213,112772,76936,16907,7597,11332,16316
충청남도,제과점업,2020,330,1275,119476,110432,72923,15078,6509,15921,14371
충청남도,"피자, 햄버거, 샌드위치 및 유사 음식점업",2018,561,2317,143107,127964,-,22506,10559,94899,20814
충청남도,"피자, 햄버거, 샌드위치 및 유사 음식점업",2019,597,2619,168402,149095,84737,26443,13461,24453,25873
충청남도,"피자, 햄버거, 샌드위치 및 유사 음식점업",2020,643,2265,175251,161684,89855,25634,11220,34975,21800
충청남도,치킨전문점,2018,1234,2903,188719,157763,-,11963,10056,135744,10604
충청남도,치킨전문점,2019,1211,2840,220387,183190,120078,12296,12804,38011,12157
충청남도,치킨전문점,2020,1229,2664,216679,185678,120150,15261,10771,39496,13208
충청남도,"김밥, 기타 간이음식점 및 포장 판매점",2018,629,1909,98204,85345,-,12991,8173,64181,12124
충청남도,"김밥, 기타 간이음식점 및 포장 판매점",2019,577,1641,96914,81950,47685,12477,8278,13510,11927
충청남도,"김밥, 기타 간이음식점 및 포장 판매점",2020,662,1593,98660,86794,49773,11600,6845,18576,10003
충청남도,생맥주 및 기타 주점업,2018,514,1383,78019,67275,-,9300,8140,49835,8486
충청남도,생맥주 및 기타 주점업,2019,448,1271,75339,63092,32798,11070,8809,10415,10893
충청남도,생맥주 및 기타 주점업,2020,436,1154,63609,57390,28232,10527,5785,12845,9854
충청남도,커피 및 기타 비알코올 음료점업,2018,633,2291,106865,95275,-,19247,11698,64330,18041
충청남도,커피 및 기타 비알코올 음료점업,2019,631,2483,134165,115114,54624,24301,14577,21611,23764
충청남도,커피 및 기타 비알코올 음료점업,2020,724,2300,128869,112581,46235,25864,13297,27185,23270
충청남도,자동차 전문 수리업,2018,317,1296,154745,138515,-,36792,3269,98454,29311
충청남도,자동차 전문 수리업,2019,325,1478,175534,157283,83746,42551,4008,26977,40211
충청남도,자동차 전문 수리업,2020,270,1319,159888,145896,71002,42363,4393,28137,39806
충청남도,두발 미용업,2018,90,353,15616,13282,-,4152,1501,7629,3511
충청남도,두발 미용업,2019,101,411,20645,18476,5234,5297,2180,5765,5049
충청남도,두발 미용업,2020,102,421,24101,20567,4473,6026,2146,7921,5232
충청남도,가정용 세탁업,2018,189,357,18682,16017,-,2957,1481,11579,2523
충청남도,가정용 세탁업,2019,195,341,17710,15151,4910,3339,2222,4680,2826
충청남도,가정용 세탁업,2020,188,275,15832,14379,3291,2732,2611,5745,1337
충청남도,기타 프랜차이즈,2018,943,3296,324785,289378,-,46824,17763,224791,39333
충청남도,기타 프랜차이즈,2019,989,3271,309747,272574,162537,36440,20828,52768,34930
충청남도,기타 프랜차이즈,2020,1074,3146,341694,311088,187965,41492,25232,56399,36452
전라북도,체인화 편의점,2018,1286,4770,549682,527978,-,42106,13795,472077,30395
전라북도,체인화 편의점,2019,1262,5211,577450,536436,394533,47736,19608,74559,46488
전라북도,체인화 편의점,2020,1437,5136,570729,570385,408765,49444,10690,101485,42739
전라북도,문구용품 및 회화용품 소매업,2018,49,120,15708,14788,-,1246,583,12959,1135
전라북도,문구용품 및 회화용품 소매업,2019,47,114,13884,12861,10266,1073,480,1041,1019
전라북도,문구용품 및 회화용품 소매업,2020,46,111,14447,12959,9960,1165,387,1448,1057
전라북도,의약품 및 의료용품 소매업,2018,108,369,118324,106619,-,7941,1840,96838,7153
전라북도,의약품 및 의료용품 소매업,2019,94,337,85185,75881,61881,6004,1229,6767,5785
전라북도,의약품 및 의료용품 소매업,2020,99,330,97152,89150,76084,6254,1075,5737,5446
전라북도,안경 및 렌즈 소매업,2018,165,400,45515,37736,-,6486,3576,27674,5819
전라북도,안경 및 렌즈 소매업,2019,148,361,35902,29127,16468,5899,2697,4063,5591
전라북도,안경 및 렌즈 소매업,2020,151,383,38643,33685,16533,6613,3275,7263,6080
전라북도,한식 음식점업,2018,932,3802,247806,221915,-,38627,16434,166854,36664
전라북도,한식 음식점업,2019,1018,4226,289032,255640,146645,48495,22045,38455,46975
전라북도,한식 음식점업,2020,1137,3755,265702,250308,146068,40385,17599,46255,38439
전라북도,외국식 음식점업,2018,196,1151,75895,68287,-,16190,4904,47193,15207
전라북도,외국식 음식점업,2019,200,1144,73946,65660,34421,17045,5623,8569,16593
전라북도,외국식 음식점업,2020,229,1083,76761,72212,36588,17015,5894,12716,16700
전라북도,제과점업,2018,247,987,90241,84271,-,9088,4374,70809,8226
전라북도,제과점업,2019,262,996,95527,89651,58147,10794,4040,16669,10345
전라북도,제과점업,2020,277,948,97388,92005,63423,11604,5393,11585,11111
전라북도,"피자, 햄버거, 샌드위치 및 유사 음식점업",2018,421,1517,88219,78742,-,11981,5384,61377,11179
전라북도,"피자, 햄버거, 샌드위치 및 유사 음식점업",2019,467,1793,103059,88333,53641,15465,6750,12476,15143
전라북도,"피자, 햄버거, 샌드위치 및 유사 음식점업",2020,531,1631,108522,101034,61695,16016,5806,17517,15180
전라북도,치킨전문점,2018,835,2189,131916,108552,-,10280,6538,91734,9678
전라북도,치킨전문점,2019,812,2357,163312,133044,91941,15105,8825,17173,14392
전라북도,치킨전문점,2020,896,2207,167576,148171,100891,13818,8831,24631,13123
전라북도,"김밥, 기타 간이음식점 및 포장 판매점",2018,473,1571,82391,69696,-,12088,5849,51759,11285
전라북도,"김밥, 기타 간이음식점 및 포장 판매점",2019,505,1584,105291,88715,53027,14656,7127,13904,13906
전라북도,"김밥, 기타 간이음식점 및 포장 판매점",2020,571,1597,110028,98791,58861,14278,6613,19039,12737
전라북도,생맥주 및 기타 주점업,2018,462,1266,70796,59655,-,8530,5757,45368,8057
전라북도,생맥주 및 기타 주점업,2019,371,1099,62606,50820,28672,9422,4854,7872,9036
전라북도,생맥주 및 기타 주점업,2020,391,1031,55315,50229,26778,9134,4643,9673,8722
전라북도,커피 및 기타 비알코올 음료점업,2018,612,2507,98905,85217,-,18263,9972,56982,17422
전라북도,커피 및 기타 비알코올 음료점업,2019,650,2700,118046,100317,45513,22561,12317,19926,21836
전라북도,커피 및 기타 비알코올 음료점업,2020,729,2489,113016,96218,40476,23001,12622,20119,21730
전라북도,자동차 전문 수리업,2018,278,1026,108479,97712,-,22513,1064,74135,18196
전라북도,자동차 전문 수리업,2019,268,1029,109096,96242,57096,25349,1097,12701,23971
전라북도,자동차 전문 수리업,2020,230,885,103962,91317,47745,22375,1196,20002,20338
전라북도,두발 미용업,2018,85,356,12254,10816,-,3851,1571,5394,3404
전라북도,두발 미용업,2019,65,245,12139,10886,2876,4005,1063,2942,3607
전라북도,두발 미용업,2020,76,277,12604,10799,1859,3310,1367,4264,3193
전라북도,가정용 세탁업,2018,139,215,7687,5945,-,625,651,4669,608
전라북도,가정용 세탁업,2019,107,172,6627,4277,2033,540,726,978,466
전라북도,가정용 세탁업,2020,98,127,6419,5971,3588,684,338,1361,550
전라북도,기타 프랜차이즈,2018,730,2318,252319,236553,-,25339,12118,199096,23719
전라북도,기타 프랜차이즈,2019,784,2232,287094,259408,195340,27392,14631,22044,26050
전라북도,기타 프랜차이즈,2020,870,2433,288866,267482,179181,30362,12063,45875,28351
전라남도,체인화 편의점,2018,1125,4327,534437,514791,-,32709,11582,470500,27484
전라남도,체인화 편의점,2019,1174,5223,601852,579727,433902,40792,15592,89441,39454
전라남도,체인화 편의점,2020,1369,5185,593259,593109,424723,42982,11258,114146,36045
전라남도,문구용품 및 회화용품 소매업,2018,63,155,22725,20365,-,1382,504,18479,1261
전라남도,문구용품 및 회화용품 소매업,2019,64,156,22701,20547,16355,1272,798,2122,1199
전라남도,문구용품 및 회화용품 소매업,2020,68,165,25170,22921,17822,1544,500,3055,1404
전라남도,의약품 및 의료용품 소매업,2018,121,423,138180,121898,-,9481,2027,110390,8481
전라남도,의약품 및 의료용품 소매업,2019,129,477,174370,153973,131835,10312,1778,10047,9712
전라남도,의약품 및 의료용품 소매업,2020,129,446,177486,160820,135831,10943,2617,11430,10610
전라남도,안경 및 렌즈 소매업,2018,137,341,39792,34353,-,4877,3684,25792,4353
전라남도,안경 및 렌즈 소매업,2019,124,327,37201,31645,17876,5241,4204,4325,4939
전라남도,안경 및 렌즈 소매업,2020,120,298,34423,30585,16797,4583,3098,6108,4342
전라남도,한식 음식점업,2018,728,2759,173523,155788,-,26547,9475,119766,25357
전라남도,한식 음식점업,2019,781,2855,185545,154483,90629,29591,10568,23694,29253
전라남도,한식 음식점업,2020,973,2620,184157,170132,94178,26714,8670,40570,25957
전라남도,외국식 음식점업,2018,163,803,53038,47709,-,9237,3039,35433,8744
전라남도,외국식 음식점업,2019,167,815,53155,46866,24484,10247,3889,8245,10028
전라남도,외국식 음식점업,2020,201,859,58336,54586,27928,11557,4597,10504,11515
전라남도,제과점업,2018,234,943,85951,78464,-,10146,3939,64379,9312
전라남도,제과점업,2019,257,1054,92101,82254,57412,11730,4571,8541,11793
전라남도,제과점업,2020,267,964,90393,84875,55652,12046,5514,11663,11278
전라남도,"피자, 햄버거, 샌드위치 및 유사 음식점업",2018,409,1466,87879,79181,-,11035,4994,63152,10380
전라남도,"피자, 햄버거, 샌드위치 및 유사 음식점업",2019,404,1423,95283,81735,52048,11774,6264,11649,11361
전라남도,"피자, 햄버거, 샌드위치 및 유사 음식점업",2020,453,1429,107470,97572,59760,13356,4532,19924,12520
전라남도,치킨전문점,2018,833,2091,120389,111511,-,8277,4459,98775,7996
전라남도,치킨전문점,2019,809,2196,124284,101708,71515,10107,6245,13842,9882
전라남도,치킨전문점,2020,933,2071,132355,116119,76016,8924,5305,25874,8222
전라남도,"김밥, 기타 간이음식점 및 포장 판매점",2018,423,1277,64894,57163,-,8588,4026,44549,8229
전라남도,"김밥, 기타 간이음식점 및 포장 판매점",2019,426,1235,69851,57778,33308,9472,5706,9293,9386
전라남도,"김밥, 기타 간이음식점 및 포장 판매점",2020,468,1167,68749,59007,36866,7420,3641,11080,7169
전라남도,생맥주 및 기타 주점업,2018,631,1231,66722,54845,-,5559,5220,44066,5380
전라남도,생맥주 및 기타 주점업,2019,431,867,53849,42177,25795,5522,5017,5843,5382
전라남도,생맥주 및 기타 주점업,2020,404,758,43269,37445,20600,5345,3407,8094,4741
전라남도,커피 및 기타 비알코올 음료점업,2018,525,1967,93581,80961,-,15991,7872,57098,14668
전라남도,커피 및 기타 비알코올 음료점업,2019,545,2064,109017,89235,42459,20751,9197,16828,20011
전라남도,커피 및 기타 비알코올 음료점업,2020,662,2169,113334,95180,44192,19713,8904,22372,18702
전라남도,자동차 전문 수리업,2018,307,1181,118028,105642,-,27404,1280,76958,22881
전라남도,자동차 전문 수리업,2019,316,1395,135510,120451,63391,35268,1709,20082,32668
전라남도,자동차 전문 수리업,2020,240,1128,116817,104361,52104,28453,1663,22141,25326
전라남도,두발 미용업,2018,46,169,5985,5101,-,1622,780,2699,1452
전라남도,두발 미용업,2019,46,170,6635,6109,1733,1750,1015,1611,1534
전라남도,두발 미용업,2020,80,217,8407,7871,2231,2129,1056,2455,2059
전라남도,가정용 세탁업,2018,114,170,8044,6409,-,336,567,5506,301
전라남도,가정용 세탁업,2019,97,136,7538,5019,2577,212,554,1676,210
전라남도,가정용 세탁업,2020,103,148,7264,6040,1591,260,588,3601,228
전라남도,기타 프랜차이즈,2018,739,2265,290894,276515,-,27483,9760,239272,25040
전라남도,기타 프랜차이즈,2019,718,2158,280948,257382,190153,24138,9551,33540,23175
전라남도,기타 프랜차이즈,2020,804,2228,290423,269959,199812,27286,9363,33498,25216
경상북도,체인화 편의점,2018,1926,7134,898571,865687,-,56902,20987,787798,46597
경상북도,체인화 편의점,2019,1922,8304,1006655,944376,723957,82247,37885,100287,80567
경상북도,체인화 편의점,2020,2191,8169,993246,989548,707809,68358,20847,192534,57634
경상북도,문구용품 및 회화용품 소매업,2018,81,200,31952,29398,-,1953,998,26447,1740
경상북도,문구용품 및 회화용품 소매업,2019,72,184,24626,21878,17631,1649,1033,1565,1549
경상북도,문구용품 및 회화용품 소매업,2020,73,194,27285,25381,20585,1984,873,1939,1836
경상북도,의약품 및 의료용품 소매업,2018,135,428,132294,116060,-,9125,2182,104753,7981
경상북도,의약품 및 의료용품 소매업,2019,144,457,150162,139977,116337,9268,3491,10881,8820
경상북도,의약품 및 의료용품 소매업,2020,152,440,153704,136971,116507,8419,2305,9741,7858
경상북도,안경 및 렌즈 소매업,2018,126,367,42316,36167,-,6208,3747,26212,5558
경상북도,안경 및 렌즈 소매업,2019,120,352,38102,32607,18945,6054,4211,3397,5802
경상북도,안경 및 렌즈 소매업,2020,123,323,38661,34521,18071,6590,3909,5950,6051
경상북도,한식 음식점업,2018,1333,4884,321326,283390,-,49970,21116,212304,47330
경상북도,한식 음식점업,2019,1440,5167,364723,317795,189374,56077,26758,45586,55089
경상북도,한식 음식점업,2020,1642,4697,342299,319039,173917,55116,22255,67751,49760
경상북도,외국식 음식점업,2018,259,1109,68370,60404,-,13617,4653,42134,12494
경상북도,외국식 음식점업,2019,247,1066,71434,63743,33108,15229,4954,10452,14810
경상북도,외국식 음식점업,2020,295,1045,77390,73205,35509,17701,5322,14673,17245
경상북도,제과점업,2018,323,1269,124428,116275,-,11265,5127,99883,10264
경상북도,제과점업,2019,350,1352,130384,117443,84758,14792,5503,12389,14615
경상북도,제과점업,2020,351,1354,139791,130530,84410,16491,8501,21128,15978
경상북도,"피자, 햄버거, 샌드위치 및 유사 음식점업",2018,568,2172,134836,121558,-,21918,7273,92367,18295
경상북도,"피자, 햄버거, 샌드위치 및 유사 음식점업",2019,592,2352,176032,139306,72857,20987,9646,35816,20512
경상북도,"피자, 햄버거, 샌드위치 및 유사 음식점업",2020,649,2144,166897,151296,85119,22306,8991,34881,20825
경상북도,치킨전문점,2018,1568,3392,199228,155387,-,10267,9298,135822,9316
경상북도,치킨전문점,2019,1546,3305,208425,158628,113377,9732,12035,23484,9568
경상북도,치킨전문점,2020,1604,3101,207663,179289,122321,12078,8619,36272,10490
경상북도,"김밥, 기타 간이음식점 및 포장 판매점",2018,644,1862,93175,79366,-,12100,6839,60427,11088
경상북도,"김밥, 기타 간이음식점 및 포장 판매점",2019,628,1854,96329,81045,46511,15567,8535,10431,15470
경상북도,"김밥, 기타 간이음식점 및 포장 판매점",2020,718,1756,100913,85718,51264,12344,6958,15151,11643
경상북도,생맥주 및 기타 주점업,2018,701,1410,76356,62549,-,6869,6378,49302,6358
경상북도,생맥주 및 기타 주점업,2019,601,1189,68740,54631,31756,7271,6644,8960,7175
경상북도,생맥주 및 기타 주점업,2020,598,1101,59365,52322,26962,6580,6162,12618,5848
경상북도,커피 및 기타 비알코올 음료점업,2018,786,2669,120784,103989,-,21890,10926,71173,20572
경상북도,커피 및 기타 비알코올 음료점업,2019,810,2825,138413,111958,55300,24255,14503,17900,23679
경상북도,커피 및 기타 비알코올 음료점업,2020,958,2821,148172,130108,57895,30630,12889,28693,26589
경상북도,자동차 전문 수리업,2018,418,1573,168001,146656,-,36781,2438,107437,31278
경상북도,자동차 전문 수리업,2019,398,1659,179288,163174,90366,42678,4343,25786,41331
경상북도,자동차 전문 수리업,2020,355,1460,153842,136903,71662,37494,2629,25118,35531
경상북도,두발 미용업,2018,79,297,13168,11400,-,2492,1293,7615,2353
경상북도,두발 미용업,2019,62,212,10522,8606,2078,2678,1460,2389,1879
경상북도,두발 미용업,2020,51,192,9512,8873,2588,2045,737,3502,1892
경상북도,가정용 세탁업,2018,175,280,12598,9258,-,1120,1288,6850,1008
경상북도,가정용 세탁업,2019,198,322,11328,7506,2318,1720,1169,2299,1535
경상북도,가정용 세탁업,2020,202,245,10520,7711,3567,130,1080,2935,130
경상북도,기타 프랜차이즈,2018,1022,3147,332618,285033,-,29261,14676,241096,26511
경상북도,기타 프랜차이즈,2019,1118,3247,407586,384422,288843,31472,20105,44002,29878
경상북도,기타 프랜차이즈,2020,1197,3361,414901,382739,269665,40515,20424,52135,36693
경상남도,체인화 편의점,2018,2858,10871,1289492,1235538,-,89266,33907,1112365,72093
경상남도,체인화 편의점,2019,2814,10967,1308599,1160950,893988,103198,33460,130304,95780
경상남도,체인화 편의점,2020,3084,10779,1289673,1284898,917710,84141,42794,240253,72280
경상남도,문구용품 및 회화용품 소매업,2018,133,372,64205,59444,-,5170,2188,52086,4315
경상남도,문구용품 및 회화용품 소매업,2019,140,358,63594,56556,43249,4188,2096,7023,3986
경상남도,문구용품 및 회화용품 소매업,2020,132,385,62454,57663,43542,4771,3022,6329,4484
경상남도,의약품 및 의료용품 소매업,2018,194,701,236519,213402,-,17282,5128,190992,15101
경상남도,의약품 및 의료용품 소매업,2019,202,717,223532,206060,175353,13539,3949,13218,12704
경상남도,의약품 및 의료용품 소매업,2020,209,697,225289,205587,173660,14018,3686,14223,11749
경상남도,안경 및 렌즈 소매업,2018,208,544,58801,51140,-,9089,5831,36220,8029
경상남도,안경 및 렌즈 소매업,2019,211,536,60975,52064,29537,8369,6468,7691,8072
경상남도,안경 및 렌즈 소매업,2020,209,532,61288,54697,29073,9755,6343,9526,9132
경상남도,한식 음식점업,2018,2059,7393,489507,439443,-,71400,37026,331017,66905
경상남도,한식 음식점업,2019,2135,7303,490678,421859,241297,82713,44468,53382,80589
경상남도,한식 음식점업,2020,2303,6532,461761,433112,227322,68552,34155,103082,64914
경상남도,외국식 음식점업,2018,405,1848,119498,104023,-,22719,9567,71737,20952
경상남도,외국식 음식점업,2019,397,1841,123292,109125,54338,25035,11055,18697,24060
경상남도,외국식 음식점업,2020,433,1602,108362,102691,50500,20833,7032,24325,19431
경상남도,제과점업,2018,458,1844,165637,154686,-,15401,9008,130277,14013
경상남도,제과점업,2019,470,1938,166978,153396,107798,18736,9334,17529,18429
경상남도,제과점업,2020,486,1898,172738,163117,106277,17832,10924,28083,17585
경상남도,"피자, 햄버거, 샌드위치 및 유사 음식점업",2018,812,3341,195383,175704,-,28503,12350,134851,26894
경상남도,"피자, 햄버거, 샌드위치 및 유사 음식점업",2019,809,3283,187736,163719,90758,29817,13375,29769,28922
경상남도,"피자, 햄버거, 샌드위치 및 유사 음식점업",2020,933,3132,213042,196985,111296,29605,11306,44778,28366
경상남도,치킨전문점,2018,2096,4728,280117,233536,-,15397,15167,202972,14444
경상남도,치킨전문점,2019,2239,5259,382247,309130,210889,26591,23770,47880,23253
경상남도,치킨전문점,2020,2333,4901,386303,343464,222432,19286,18896,82850,17199
경상남도,"김밥, 기타 간이음식점 및 포장 판매점",2018,787,2489,121983,106685,-,17446,9401,79838,16753
경상남도,"김밥, 기타 간이음식점 및 포장 판매점",2019,836,2825,150541,125189,68329,26840,11608,18412,25848
경상남도,"김밥, 기타 간이음식점 및 포장 판매점",2020,1018,2661,156316,137110,78948,20737,11162,26263,19505
경상남도,생맥주 및 기타 주점업,2018,1002,2229,117996,99767,-,11835,11198,76734,10959
경상남도,생맥주 및 기타 주점업,2019,887,2082,114731,89337,52056,11673,11779,13830,11437
경상남도,생맥주 및 기타 주점업,2020,843,1810,89835,80232,41511,12146,7438,19137,11590
경상남도,커피 및 기타 비알코올 음료점업,2018,1052,3828,164886,144314,-,29747,17353,97214,28214
경상남도,커피 및 기타 비알코올 음료점업,2019,1037,3803,176515,148632,70514,32397,20952,24769,31375
경상남도,커피 및 기타 비알코올 음료점업,2020,1415,4083,197505,174747,78219,35513,18786,42229,32516
경상남도,자동차 전문 수리업,2018,628,2026,229444,202924,-,48855,4306,149763,40758
경상남도,자동차 전문 수리업,2019,629,2165,241126,210898,123026,49305,6450,32116,46846
경상남도,자동차 전문 수리업,2020,412,1617,198847,176679,99828,43487,4025,29338,40095
경상남도,두발 미용업,2018,119,559,25663,22489,-,6534,2853,13102,5991
경상남도,두발 미용업,2019,111,484,25849,23136,6478,6454,3510,6694,5792
경상남도,두발 미용업,2020,130,540,26600,23464,5412,5766,3234,9052,4793
경상남도,가정용 세탁업,2018,286,481,26248,20986,-,2841,2292,15853,2464
경상남도,가정용 세탁업,2019,283,461,20924,15656,6641,2169,2782,4065,1979
경상남도,가정용 세탁업,2020,280,427,19075,14884,7087,2508,1461,3829,2081
경상남도,기타 프랜차이즈,2018,1485,4590,494680,390349,-,46756,22745,320848,43175
경상남도,기타 프랜차이즈,2019,1576,4806,519920,484147,340797,53938,31183,58229,51177
경상남도,기타 프랜차이즈,2020,1688,4942,543347,503913,309375,68860,35112,90566,63865
제주특별자치도,체인화 편의점,2018,1026,4022,497896,468847,-,38716,12465,417666,30250
제주특별자치도,체인화 편의점,2019,1075,4500,499092,497019,341430,43007,14819,97763,34296
제주특별자치도,체인화 편의점,2020,1183,4411,491558,491380,341138,39734,10153,100354,35450
제주특별자치도,문구용품 및 회화용품 소매업,2018,23,58,7799,7220,-,398,350,6472,313
제주특별자치도,문구용품 및 회화용품 소매업,2019,21,58,7615,6927,5648,518,342,419,488
제주특별자치도,문구용품 및 회화용품 소매업,2020,21,60,7812,6832,5070,510,330,922,414
제주특별자치도,의약품 및 의료용품 소매업,2018,46,142,32563,29184,-,2554,847,25783,2148
제주특별자치도,의약품 및 의료용품 소매업,2019,54,165,44557,40341,33128,3460,802,2951,2962
제주특별자치도,의약품 및 의료용품 소매업,2020,57,160,44540,40040,32313,3500,979,3248,3456
제주특별자치도,안경 및 렌즈 소매업,2018,40,131,15359,13499,-,2688,1517,9294,2277
제주특별자치도,안경 및 렌즈 소매업,2019,49,166,22780,19635,10064,4498,1952,3121,3778
제주특별자치도,안경 및 렌즈 소매업,2020,54,154,21652,19527,9710,3980,2572,3266,3819
제주특별자치도,한식 음식점업,2018,228,1031,64066,57673,-,12646,4124,40903,11568
제주특별자치도,한식 음식점업,2019,279,1213,80068,70467,41408,15219,5701,8140,15034
제주특별자치도,한식 음식점업,2020,384,1109,78002,72724,36992,13661,5322,16749,12850
제주특별자치도,외국식 음식점업,2018,69,483,31322,28306,-,7018,1880,19408,6656
제주특별자치도,외국식 음식점업,2019,81,568,40336,37811,22601,9074,2187,3949,8779
제주특별자치도,외국식 음식점업,2020,76,480,36219,34932,16432,6872,3107,8520,6569
제주특별자치도,제과점업,2018,108,479,48805,43897,-,6350,3599,33948,5613
제주특별자치도,제과점업,2019,112,548,44103,40906,28012,6986,2675,3232,6284
제주특별자치도,제과점업,2020,113,528,45661,43413,26269,7075,3051,7018,6595
제주특별자치도,"피자, 햄버거, 샌드위치 및 유사 음식점업",2018,128,566,34561,27400,-,5684,1623,20093,4898
제주특별자치도,"피자, 햄버거, 샌드위치 및 유사 음식점업",2019,151,748,43651,38771,21249,7919,2346,7257,7496
제주특별자치도,"피자, 햄버거, 샌드위치 및 유사 음식점업",2020,178,717,50867,46076,26320,8692,2433,8631,8623
제주특별자치도,치킨전문점,2018,319,904,60217,50471,-,5885,2998,41588,5342
제주특별자치도,치킨전문점,2019,335,968,75237,61447,42310,8279,3672,7187,7946
제주특별자치도,치킨전문점,2020,389,889,81738,70386,43224,7290,4185,15687,6644
제주특별자치도,"김밥, 기타 간이음식점 및 포장 판매점",2018,145,496,27250,23948,-,4352,1918,17678,3883
제주특별자치도,"김밥, 기타 간이음식점 및 포장 판매점",2019,157,574,32119,28017,15363,5372,2562,4720,5306
제주특별자치도,"김밥, 기타 간이음식점 및 포장 판매점",2020,214,612,38140,33901,19934,5653,2699,5615,5090
제주특별자치도,생맥주 및 기타 주점업,2018,190,531,32056,25968,-,4836,2503,18629,4378
제주특별자치도,생맥주 및 기타 주점업,2019,181,492,29572,23698,12960,4494,3031,3213,4357
제주특별자치도,생맥주 및 기타 주점업,2020,189,452,25943,22060,10936,4046,2226,4851,3808
제주특별자치도,커피 및 기타 비알코올 음료점업,2018,210,852,38009,32992,-,7958,3551,21483,7324
제주특별자치도,커피 및 기타 비알코올 음료점업,2019,216,799,41904,34420,16380,8524,3967,5549,8388
제주특별자치도,커피 및 기타 비알코올 음료점업,2020,250,855,42900,36703,15557,9101,3949,8096,8796
제주특별자치도,자동차 전문 수리업,2018,78,417,46147,40143,-,10304,665,29174,8212
제주특별자치도,자동차 전문 수리업,2019,77,454,46214,41386,22547,11786,688,6365,11140
제주특별자치도,자동차 전문 수리업,2020,73,399,45379,40349,21105,11160,973,7112,9685
제주특별자치도,두발 미용업,2018,23,81,3440,2819,-,1020,398,1401,1016
제주특별자치도,두발 미용업,2019,26,93,4296,3247,325,1126,487,1309,1077
제주특별자치도,두발 미용업,2020,34,116,6273,5269,593,2748,675,1253,2621
제주특별자치도,가정용 세탁업,2018,56,74,2631,1857,-,133,420,1304,119
제주특별자치도,가정용 세탁업,2019,84,126,5072,4413,2124,476,778,1036,440
제주특별자치도,가정용 세탁업,2020,76,91,3830,2896,1150,219,647,880,142
제주특별자치도,기타 프랜차이즈,2018,333,1200,118745,107105,-,16618,5828,84659,14818
제주특별자치도,기타 프랜차이즈,2019,390,1328,148973,136453,87971,19161,8340,20980,17320
제주특별자치도,기타 프랜차이즈,2020,446,1683,165421,161744,98764,23436,13905,25639,20890
